URL,Title,Price
https://saltlakecity.craigslist.org/atq/d/restored-antique-hay-trolleys/6362484185.html,RESTORED ANTIQUE HAY TROLLEYS,
https://saltlakecity.craigslist.org/jwl/d/wooden-hearts/6400332259.html,Wooden Hearts,$9
https://saltlakecity.craigslist.org/sys/d/rolling-computer-cabinet/6370078082.html,Rolling Computer Cabinet,$45
https://saltlakecity.craigslist.org/ele/d/monster-cable-51-interconnect/6400322642.html,Monster Cable 5.1 Interconnect,$40
https://saltlakecity.craigslist.org/msg/d/korg-sv-1-88-weighted-keys/6400319501.html,"Korg SV-1, 88 Weighted Keys, Stage Vintage Piano in Black with Case",$1100
https://saltlakecity.craigslist.org/cto/d/dependable-taurus/6400318811.html,Dependable Taurus,$700
https://saltlakecity.craigslist.org/cto/d/1996-mercedes-320sl-89k-miles/6400317292.html,"1996 Mercedes 320SL 89k miles, Convert(hard and soft)",$6750
https://saltlakecity.craigslist.org/fuo/d/beautiful-solid-mahogany/6400290661.html,Beautiful Solid Mahogany Antique Coffee Table & Matching End Tables,$400
https://saltlakecity.craigslist.org/cto/d/1996-mercedes-320sl-89k-miles/6400316513.html,"1996 Mercedes 320SL 89k miles, Convert(hard and soft)",$6750
https://saltlakecity.craigslist.org/ele/d/sony-vintage-st-jx520-am-fm/6400313011.html,Sony Vintage ST-JX520 AM FM Stereo Tuner with OE Remote,$75
https://saltlakecity.craigslist.org/grd/d/basic-beehive-starter-kit-for/6381703186.html,Basic Beehive Starter Kit for Package Bees / Nucs,$95
https://saltlakecity.craigslist.org/wto/d/goodyear-ultragrip-ice-wrt/6383093558.html,Goodyear Ultragrip Ice WRT snow tires 205/60R16,$260
https://saltlakecity.craigslist.org/spo/d/line-twelve-sixty-177cm-skis/6362415556.html,"Line ""twelve sixty"" 177cm skis",$80
https://saltlakecity.craigslist.org/hvo/d/1997-peterbilt-378-cat-power/6400141742.html,-=- 1997 PETERBILT 378 CAT POWER 10 SP DAYCAB SWATREPO,$2000
https://saltlakecity.craigslist.org/tid/d/jazz-tickets-utah-vs-bulls/6400298424.html,JAZZ TICKETS â—†ï¸Ž UTAH vs BULLS BUCKS NUGGETS PELICANS NUGGETS SPURS,
https://saltlakecity.craigslist.org/cto/d/07-fj-cruiser-with-clean/6400145478.html,'07 Fj cruiser with a clean record!,$1567
https://saltlakecity.craigslist.org/cto/d/black-exterior-cadilac-cts/6400101210.html,Black Exterior Cadilac CTS with Black Inside and Sunroof,$2220
https://saltlakecity.craigslist.org/wan/d/leading-edge-copies-wanted/6363736495.html,Leading Edge copies wanted,
https://saltlakecity.craigslist.org/boa/d/ft-custom-weld-viper-ii/6386089517.html,2003 19 ft. Custom Weld Viper II Inboard Jet Boat,$19995
https://saltlakecity.craigslist.org/sys/d/asus-g74sx-gaming-laptop/6389851370.html,ASUS G74Sx Gaming laptop,$400
https://saltlakecity.craigslist.org/cto/d/2003-chevrolet-tahoe-k1500/6400096519.html,2003 Chevrolet Tahoe k1500 best deal,$1575
https://saltlakecity.craigslist.org/mob/d/blackberry-passport-silver/6389833561.html,BLACKBERRY PASSPORT SILVER EDITION,$199
https://saltlakecity.craigslist.org/cto/d/1938-gmc-t14-w-colorado-title/6367841881.html,1938 GMC T14 B w/ Colorado title,$8500
https://saltlakecity.craigslist.org/app/d/viking-stainless-steel/6364656840.html,Viking Stainless Steel Refrigerator,$950
https://saltlakecity.craigslist.org/app/d/new-built-in-wine-cellar/6364457932.html,NEW Built In Wine Cellar,$950
https://saltlakecity.craigslist.org/app/d/whirlpool-washer-and-dryer-set/6364772252.html,Whirlpool Washer and Dryer Set,$250
https://saltlakecity.craigslist.org/app/d/new-frigidaire-black/6383146076.html,New Frigidaire Black Refrigerator,$499
https://saltlakecity.craigslist.org/grd/d/new-20-shipping-container/6394535255.html,NEW 20' Shipping Container,$3150
https://saltlakecity.craigslist.org/grd/d/20-steel-shipping-container/6369420037.html,20' Steel Shipping Container,$2350
https://saltlakecity.craigslist.org/fuo/d/gorgeous-century-vintage/6400246964.html,Gorgeous Century Vintage Solid Walnut Dresser,$300
https://saltlakecity.craigslist.org/spo/d/nordica-xr-gts-ski-boot/6400245470.html,Nordica XR GTS Ski Boot - Womens - size 23 (6 US) - Gray,$25
https://saltlakecity.craigslist.org/cto/d/2004-jeep-grand-cherokee/6394422384.html,2004 Jeep Grand Cherokee Limited  4x4 Trail,$5400
https://saltlakecity.craigslist.org/ele/d/yamaha-stereo-reciever-rx-v890/6400243094.html,Yamaha Stereo Reciever RX-V890,$60
https://saltlakecity.craigslist.org/cto/d/the-black-2003-chevrolet/6400091513.html,The black 2003 Chevrolet Tahoe k1500 Includes Four Wheel Drive couple,$1574
https://saltlakecity.craigslist.org/cto/d/vw-jetta-se-navigation-1500/6400235650.html,VW Jetta SE Navigation -$1500,
https://saltlakecity.craigslist.org/tix/d/jazz-vs-bucks-tonight-cheap/6400234451.html,Jazz vs. Bucks -- TONIGHT -- Cheap price -- 2 Lower Bowl Seats,$150
https://saltlakecity.craigslist.org/cto/d/great-family-automobile-05/6400087766.html,Great Family Automobile - '05 Tacoma - Excellent Condition,$1502
https://saltlakecity.craigslist.org/gms/d/moving-sale-tv-dining-table/6362018505.html,"Moving sale-TV, Dining table & chairs, Couch, recliner",
https://saltlakecity.craigslist.org/hsh/d/sturdy-ironing-table/6383098266.html,Sturdy ironing table,$10
https://saltlakecity.craigslist.org/cto/d/2013-honda-accord-37k/6377942249.html,"2013 Honda Accord 37k miles,excellent condition, always garage parked",$13800
https://saltlakecity.craigslist.org/hsh/d/cup-coffee-maker/6379680543.html,K cup coffee maker,$40
https://saltlakecity.craigslist.org/fuo/d/wooden-computer-table/6379677949.html,Wooden computer table,$7
https://saltlakecity.craigslist.org/ele/d/epson-workforce-wf-3640-all/6379675368.html,"Epson workforce wf-3640 all in one printer,scanner",$45
https://saltlakecity.craigslist.org/bab/d/baby-stroller/6383287200.html,Baby stroller,$5
https://saltlakecity.craigslist.org/hsh/d/eoonfirst-gold-foil-metallic/6385844088.html,Eoonfirst Gold Foil Metallic Cupcake Case Liners,$6
https://saltlakecity.craigslist.org/msd/d/frames-custom-guitar-display/6398007438.html,G Frames - CUSTOM GUITAR DISPLAY CASES & FRAMES,$179
https://saltlakecity.craigslist.org/mpo/d/honda-sl-350-side-cover/6381547539.html,Honda sl 350 side cover,$100
https://saltlakecity.craigslist.org/mpo/d/honda-sl-350-front-fender-and/6381548259.html,Honda SL 350 front fender and mount...candy red,$100
https://saltlakecity.craigslist.org/for/d/shelving-wall-and-shelf/6387049377.html,Shelving wall and shelf brakets...wire shelves ... make offer!!,$5
https://saltlakecity.craigslist.org/tls/d/aluminum-work-platform/6387048616.html,Aluminum work platform ... quality made !,$25
https://saltlakecity.craigslist.org/fuo/d/heavy-wood-table-4-ft-diameter/6389947173.html,Heavy Wood Table ....4 ft diameter,$40
https://saltlakecity.craigslist.org/tls/d/dustless-technologies-vacuum/6364356036.html,Dustless Technologies Vacuum ... the best!,$175
https://saltlakecity.craigslist.org/cto/d/2002-jaguar-type-40-beautiful/6395834465.html,2002 Jaguar S-Type 4.0 Beautiful!! Dependable !,$8900
https://saltlakecity.craigslist.org/bik/d/sharp-bmx-style-bike-new-items/6387050262.html,Sharp BMX Style Bike .... new items!,$65
https://saltlakecity.craigslist.org/bik/d/bmx-bike-black-classic-cool/6378690374.html,"BMX  BIKE - Black Classic cool ... 20"" wheels",$75
https://saltlakecity.craigslist.org/snw/d/utv-tires-radial-14-maxxis/6400216255.html,"UTV tires Radial 14"".... Maxxis Big Horn... C pics",$80
https://saltlakecity.craigslist.org/bik/d/bmx-bike-20real-alloy-wheels/6378691249.html,"BMX bike ....20""real alloy wheels.",$50
https://saltlakecity.craigslist.org/for/d/grandkids-razor-scooter-needs/6373741188.html,grandkids razor scooter ... needs help,$30
https://saltlakecity.craigslist.org/bik/d/good-no-worry-bike-diamond/6364496581.html,"Good ""No worry bike"" Diamond Back Bargain",$50
https://saltlakecity.craigslist.org/bik/d/top-line-mongoose-mtn-bike/6364355130.html,Top Line Mongoose Mtn Bike .... Pro quality!,$99
https://saltlakecity.craigslist.org/art/d/pinecones-great-for-holiday/6400210252.html,Pinecones-- great for Holiday decor,$5
https://saltlakecity.craigslist.org/cto/d/2008-ford-350-utility-vehicle/6400209427.html,2008 ford f-350 utility vehicle,$2800
https://saltlakecity.craigslist.org/spo/d/balanced-body-allegro-2/6400185217.html,Balanced Body Allegro 2,$1235
https://saltlakecity.craigslist.org/app/d/jura-z9-coffee-maker/6400207108.html,Jura Z9 Coffee Maker,$2000
https://saltlakecity.craigslist.org/snw/d/factory-street-legal-duruxx/6362106560.html,Factory Street Legal Duruxx DRX4 4x4 UTV,$17000
https://saltlakecity.craigslist.org/mpo/d/adventure-motorcycle-panniers/6400202719.html,Adventure Motorcycle Panniers/Racks,$555
https://saltlakecity.craigslist.org/grd/d/lb-two-post-lifts/6387268498.html,"2-10,000lb Two Post Lifts",$2800
https://saltlakecity.craigslist.org/pts/d/2-auto-truck-2-post-lifts/6387264649.html,"*2-Auto / Truck 2 Post lifts* 10,000lb",$2800
https://saltlakecity.craigslist.org/grd/d/john-deere-6410-tractor-4wd/6400200030.html,"John Deere 6410 Tractor, 4WD with 640 Loader & Grappler, 1998",$44800
https://saltlakecity.craigslist.org/app/d/whirlpool-washer-and-dryer-set/6392068203.html,Whirlpool Washer and Dryer Set,$350
https://saltlakecity.craigslist.org/app/d/new-kitchenaid-black-slide-in/6392361828.html,New Kitchenaid Black Slide in Range,$799
https://saltlakecity.craigslist.org/for/d/newchampion-35cfm-compressor/6380459871.html,**NEW**Champion 35cfm Compressor Dryer,$850
https://saltlakecity.craigslist.org/app/d/kenmore-washer-and-dryer-set/6392354300.html,Kenmore Washer and Dryer Set,$299
https://saltlakecity.craigslist.org/app/d/samsung-front-load-washer-and/6394395432.html,Samsung Front Load Washer and Dryer Set,$950
https://saltlakecity.craigslist.org/sys/d/fast-hp-desktop-with-windows/6400197989.html,Fast HP Desktop with Windows 10,$60
https://saltlakecity.craigslist.org/app/d/newblack-frigidaire/6392056523.html,***NEW***Black Frigidaire Refrigerator,$850
https://saltlakecity.craigslist.org/app/d/samsung-stainless-steel/6392087210.html,Samsung Stainless Steel Refrigerator,$950
https://saltlakecity.craigslist.org/app/d/new-frigidaire-gallery/6392023364.html,***NEW*** Frigidaire Gallery Counter Depth Refrigerator,$750
https://saltlakecity.craigslist.org/app/d/new-scratch-dent/6392005991.html,***New*** Scratch & Dent,$799
https://saltlakecity.craigslist.org/app/d/new-frigidaire-gallery/6392005350.html,New Frigidaire Gallery Refrigerator,$1598
https://saltlakecity.craigslist.org/app/d/new-lg-double-oven-black/6383073001.html,NEW LG Double Oven Black Stainless Range,$1150
https://saltlakecity.craigslist.org/tls/d/champion-35cfm-compressor/6373682862.html,Champion 35cfm Compressor Dryer,$850
https://saltlakecity.craigslist.org/cto/d/mini-cooper-clubman-2010/6371403365.html,Mini Cooper Clubman 2010,$6850
https://saltlakecity.craigslist.org/cto/d/2009-bmw-328i/6381680065.html,2009 BMW 328i,$6900
https://saltlakecity.craigslist.org/cto/d/kia-2008-sedona-ex/6370806587.html,Kia 2008 Sedona EX,$4950
https://saltlakecity.craigslist.org/cto/d/toyota-solara-2004/6372363213.html,Toyota Solara 2004,$4300
https://saltlakecity.craigslist.org/pts/d/jeep-wrangler-bumper/6400187393.html,Jeep Wrangler Bumper,$375
https://saltlakecity.craigslist.org/pts/d/2000-dodge-intrepid-engine/6400187311.html,2000 dodge intrepid engine and misc. parts,$500
https://saltlakecity.craigslist.org/cto/d/volkswagen-2004-passat/6372387219.html,Volkswagen 2004 Passat,$3650
https://saltlakecity.craigslist.org/fuo/d/queen-size-bed-frame-with/6400186220.html,Queen size bed frame with drawers,$175
https://saltlakecity.craigslist.org/mob/d/sealed-apple-iphone-8-plus/6388165947.html,SEALED  Apple  iPhone 8 Plus 256GB,$500
https://saltlakecity.craigslist.org/rvs/d/07-pathfinder-by-coachmen/6384563464.html,07 Pathfinder by Coachmen,$22500
https://saltlakecity.craigslist.org/cto/d/2004-fordof-mileage-highway/6400054304.html,"2004 Ford F-150 133,000 of mileage highway driven!",$1596
https://saltlakecity.craigslist.org/wan/d/water-keifer-grains-seeds/6377969124.html,Water Keifer Grains/Seeds,
https://saltlakecity.craigslist.org/wan/d/building-materials-lumber/6376483354.html,Building Materials/Lumber/Large Heavy Bicycle Rack,
https://saltlakecity.craigslist.org/tid/d/utah-jazz-tickets-utah-vs/6400179716.html,UTAH JAZZ TICKETS â˜… UTAH vs MILWAUKEE BUCKS - CHEAP LAST MINUTE DEALS!,
https://saltlakecity.craigslist.org/cto/d/toyota-year-registered-only/6400057593.html,Toyota year registered only 83X00 one owner mileage,$1573
https://saltlakecity.craigslist.org/bfs/d/sport-lines/6400173649.html,SPORT LINES,$19500
https://saltlakecity.craigslist.org/mob/d/apple-iphone-7-plus-128-gb/6400151928.html,Apple iphone 7 plus (128 gb) Gold,$399
https://saltlakecity.craigslist.org/ctd/d/2006-ford-350-super/6400165708.html,"2006 Ford F-350 Super REPAIRABLE,REPAIRABLES,REBUILDABLE,REBUILDABLES",$12495
https://saltlakecity.craigslist.org/ele/d/canon-5d-mark-iii/6387348400.html,Canon 5d Mark III////////,$900
https://saltlakecity.craigslist.org/bfs/d/knuckle-buster-credit-card/6400163220.html,Knuckle Buster Credit Card Imprinter,$24
https://saltlakecity.craigslist.org/ele/d/samsung-65-4k-uhd-smart-qled/6388169135.html,"Samsung   65""   4K   UHD   Smart  QLED TV",$500
https://saltlakecity.craigslist.org/fuo/d/shabby-chic-vintage-desk/6400160440.html,Shabby Chic Vintage Desk,$75
https://saltlakecity.craigslist.org/cto/d/1951-mercury-sedan/6392943298.html,1951 Mercury sedan,$23500
https://saltlakecity.craigslist.org/wan/d/need-transmission-installed/6396455905.html,Need transmission installed in 1998 Honda CRV AWD,$1
https://saltlakecity.craigslist.org/cto/d/2014-honda-cr/6379960912.html,2014 Honda CR-V,$21000
https://saltlakecity.craigslist.org/cto/d/silverado-extended-cab/6382719442.html,Silverado Extended Cab,$1500
https://saltlakecity.craigslist.org/cto/d/2013-acura-ilx-my-sexy-black/6392555992.html,2013 ACURA ILX My Sexy Black Car! $9500 Black Friday Only!,$9500
https://saltlakecity.craigslist.org/cto/d/well-cared-for-and-efficient/6400000430.html,Well Cared for and Efficient 2005 mode Toyota,$1583
https://saltlakecity.craigslist.org/mob/d/iphone-7-plus-128-gb-jet/6400143383.html,iPhone 7 Plus 128 GB Jet Black Perfect Condition,$500
https://saltlakecity.craigslist.org/tid/d/lady-gaga-tickets-dec-14/6400141325.html,LADY GAGA TICKETS ðŸš¨ DEC 14-FLOOR/LOWER LEVEL/VIP JUST RELEASED!,$1
https://saltlakecity.craigslist.org/snw/d/sdr-rzr-xp-4-doors/6400140372.html,SDR RZR XP 4 Doors,$1500
https://saltlakecity.craigslist.org/cto/d/1997-jeep-wrangler-4x4-6/6400139327.html,1997 Jeep Wrangler 4X4 6 cylinder 5 speed,$1550
https://saltlakecity.craigslist.org/ele/d/39in-led-hdtv/6400137358.html,39in LED HDTV,$100
https://saltlakecity.craigslist.org/cto/d/99-nissan-quest-minivan-for/6400133878.html,'99 Nissan Quest Minivan for sale,$2600
https://saltlakecity.craigslist.org/spo/d/black-diamond-cold-forge/6400126604.html,Black Diamond cold forge hoodie,$160
https://saltlakecity.craigslist.org/ptd/d/jdmtoyota-supracressida-7mge/6400121858.html,"JDM 87-91 TOYOTA SUPRA,CRESSIDA 7MGE NON TURBO 3.0L ENGINE +AUTO TRANS",$1499
https://saltlakecity.craigslist.org/spo/d/pride-7x12-gooseneck-dump/6381888936.html,Pride 7x12 Gooseneck Dump Trailer 16K GVWR,$6595
https://saltlakecity.craigslist.org/cto/d/1950-ford-business-coupe/6393828311.html,1950 ford business coupe.,$4500
